<?xml version="1.0"?>
<doc>
    <assembly>
        <name>Skr.Tebloman.Ui.Desktop</name>
    </assembly>
    <members>
        <member name="T:Skr.Tebloman.Ui.Desktop.App">
            <summary>
            Interaction logic for App.xaml
            </summary>
            <summary>
            App
            </summary>
        </member>
        <member name="M:Skr.Tebloman.Ui.Desktop.App.InitializeComponent">
            <summary>
            InitializeComponent
            </summary>
        </member>
        <member name="M:Skr.Tebloman.Ui.Desktop.App.Main">
            <summary>
            Application Entry Point.
            </summary>
        </member>
        <member name="T:Skr.Tebloman.Ui.Desktop.ViewModels.AboutWindowViewModel">
            <summary>
            Provides interaction logic for the <see cref="T:Skr.Tebloman.Ui.Desktop.Views.AboutWindow"/> view.
            </summary>
        </member>
        <member name="M:Skr.Tebloman.Ui.Desktop.ViewModels.AboutWindowViewModel.#ctor(Skr.Tebloman.Ui.Services.IAppInfoService)">
            <summary>
            Creates a new instance of <see cref="T:Skr.Tebloman.Ui.Desktop.ViewModels.AboutWindowViewModel"/>.
            </summary>
            <param name="infoService">App info provider.</param>
        </member>
        <member name="P:Skr.Tebloman.Ui.Desktop.ViewModels.AboutWindowViewModel.WindowTitle">
            <summary>
            Gets the window title.
            </summary>
        </member>
        <member name="P:Skr.Tebloman.Ui.Desktop.ViewModels.AboutWindowViewModel.AppInfo">
            <summary>
            Gets the application information table.
            </summary>
        </member>
        <member name="M:Skr.Tebloman.Ui.Desktop.ViewModels.AboutWindowViewModel.CloseWindow(Skr.Tebloman.Ui.Desktop.Views.IClosable)">
            <summary>
            Closes this window.
            </summary>
            <param name="window">The reference to the window instance.</param>
        </member>
        <member name="T:Skr.Tebloman.Ui.Desktop.ViewModels.MainWindowViewModel">
            <summary>
            Provides interaction logic for the <see cref="T:Skr.Tebloman.Ui.Desktop.Views.MainWindow"/> view.
            </summary>
        </member>
        <member name="T:Skr.Tebloman.Ui.Desktop.ViewModels.MainWindowViewModel.FragmentSource">
            <summary>
            Enumerates different sources of fragments.
            </summary>
        </member>
        <member name="F:Skr.Tebloman.Ui.Desktop.ViewModels.MainWindowViewModel.FragmentSource.Global">
            <summary>
            Indicates that the currently displayed fragment originates from the global fragment store.
            </summary>
        </member>
        <member name="F:Skr.Tebloman.Ui.Desktop.ViewModels.MainWindowViewModel.FragmentSource.Profile">
            <summary>
            Indicates that the currently displayed fragment is assigned to the current profile.
            </summary>
        </member>
        <member name="P:Skr.Tebloman.Ui.Desktop.ViewModels.MainWindowViewModel.WindowTitle">
            <summary>
            Gets the window title.
            </summary>
        </member>
        <member name="P:Skr.Tebloman.Ui.Desktop.ViewModels.MainWindowViewModel.ExitCommand">
            <summary>
            Terminates this application.
            </summary>
        </member>
        <member name="P:Skr.Tebloman.Ui.Desktop.ViewModels.MainWindowViewModel.LoadFromDiskCommand">
            <summary>
            Loads the data repositories from disk.
            </summary>
        </member>
        <member name="P:Skr.Tebloman.Ui.Desktop.ViewModels.MainWindowViewModel.SaveToDiskCommand">
            <summary>
            Persists the current application data to disk.
            </summary>
        </member>
        <member name="P:Skr.Tebloman.Ui.Desktop.ViewModels.MainWindowViewModel.AboutCommand">
            <summary>
            Opens the about window.
            </summary>
        </member>
        <member name="P:Skr.Tebloman.Ui.Desktop.ViewModels.MainWindowViewModel.Profiles">
            <summary>
            Gets a list of available profiles.
            </summary>
        </member>
        <member name="P:Skr.Tebloman.Ui.Desktop.ViewModels.MainWindowViewModel.SelectedProfile">
            <summary>
            Gets or sets the currently selected profile.
            </summary>
        </member>
        <member name="P:Skr.Tebloman.Ui.Desktop.ViewModels.MainWindowViewModel.SelectedProfileName">
            <summary>
            Gets or sets the name of the currently selected profile.
            </summary>
        </member>
        <member name="P:Skr.Tebloman.Ui.Desktop.ViewModels.MainWindowViewModel.NewProfileCommand">
            <summary>
            Creates a new profile instance.
            </summary>
        </member>
        <member name="P:Skr.Tebloman.Ui.Desktop.ViewModels.MainWindowViewModel.SaveProfileCommand">
            <summary>
            Saves the currently selected profile in the storage.
            </summary>
        </member>
        <member name="P:Skr.Tebloman.Ui.Desktop.ViewModels.MainWindowViewModel.RemoveProfileCommand">
            <summary>
            Removes the currently selected profile from the storage.
            </summary>
        </member>
        <member name="P:Skr.Tebloman.Ui.Desktop.ViewModels.MainWindowViewModel.Placeholders">
            <summary>
            Gets a list of the currently available placeholder tags.
            </summary>
        </member>
        <member name="P:Skr.Tebloman.Ui.Desktop.ViewModels.MainWindowViewModel.SelectedPlaceholder">
            <summary>
            Gets or sets the currently selected placeholder tag.
            </summary>
        </member>
        <member name="P:Skr.Tebloman.Ui.Desktop.ViewModels.MainWindowViewModel.PlaceholderPattern">
            <summary>
            Gets the pattern of the currently selected placeholder.
            </summary>
        </member>
        <member name="P:Skr.Tebloman.Ui.Desktop.ViewModels.MainWindowViewModel.PlaceholderReplacement">
            <summary>
            Gets the replacement value of the currently selected placeholder.
            </summary>
        </member>
        <member name="P:Skr.Tebloman.Ui.Desktop.ViewModels.MainWindowViewModel.RemovePlaceholderCommand">
            <summary>
            Removes the currently selected placeholder.
            </summary>
        </member>
        <member name="P:Skr.Tebloman.Ui.Desktop.ViewModels.MainWindowViewModel.EditPlaceholderCommand">
            <summary>
            Opens the editor view for the currently selected placeholder.
            </summary>
        </member>
        <member name="P:Skr.Tebloman.Ui.Desktop.ViewModels.MainWindowViewModel.ProfileFragments">
            <summary>
            Gets a list of all fragments assigned to the currently selected profile.
            </summary>
        </member>
        <member name="P:Skr.Tebloman.Ui.Desktop.ViewModels.MainWindowViewModel.GlobalFragments">
            <summary>
            Gets a list of all available fragments.
            </summary>
        </member>
        <member name="P:Skr.Tebloman.Ui.Desktop.ViewModels.MainWindowViewModel.SelectedProfileFragment">
            <summary>
            Gets or sets the currently selected fragment associated with the currently selected profile.
            </summary>
        </member>
        <member name="P:Skr.Tebloman.Ui.Desktop.ViewModels.MainWindowViewModel.SelectedGlobalFragment">
            <summary>
            Gets or sets the currently selected fragment from the fragment pool.
            </summary>
        </member>
        <member name="P:Skr.Tebloman.Ui.Desktop.ViewModels.MainWindowViewModel.SelectedFragment">
            <summary>
            Gets or sets the currently selected fragment.
            </summary>
        </member>
        <member name="P:Skr.Tebloman.Ui.Desktop.ViewModels.MainWindowViewModel.FragmentName">
            <summary>
            Gets or sets the name of the currently selected fragment.
            </summary>
        </member>
        <member name="P:Skr.Tebloman.Ui.Desktop.ViewModels.MainWindowViewModel.FragmentText">
            <summary>
            Gets or sets the text of the currently selected fragment.
            </summary>
        </member>
        <member name="P:Skr.Tebloman.Ui.Desktop.ViewModels.MainWindowViewModel.ProfileFragmentsBackground">
            <summary>
            Gets or sets the background color of the profile fragment list.
            </summary>
        </member>
        <member name="P:Skr.Tebloman.Ui.Desktop.ViewModels.MainWindowViewModel.GlobalFragmentsBackground">
            <summary>
            Gets or sets the background color of the fragment pool list.
            </summary>
        </member>
        <member name="P:Skr.Tebloman.Ui.Desktop.ViewModels.MainWindowViewModel.AddFragmentToProfileCommand">
            <summary>
            Add the currently selected fragment to the currently selected profile.
            </summary>
        </member>
        <member name="P:Skr.Tebloman.Ui.Desktop.ViewModels.MainWindowViewModel.RemoveFragmentFromProfileCommand">
            <summary>
            Removes the currently selected fragment from the currently selected profile.
            </summary>
        </member>
        <member name="P:Skr.Tebloman.Ui.Desktop.ViewModels.MainWindowViewModel.MoveFragmentUpCommand">
            <summary>
            Moves the currently selected fragment up by one position in the currently selected profile.
            </summary>
        </member>
        <member name="P:Skr.Tebloman.Ui.Desktop.ViewModels.MainWindowViewModel.MoveFragmentDownCommand">
            <summary>
            Moves the currently selected fragment down by one position in the currently selected profile.
            </summary>
        </member>
        <member name="P:Skr.Tebloman.Ui.Desktop.ViewModels.MainWindowViewModel.NewFragmentCommand">
            <summary>
            Creates a new black fragment.
            </summary>
        </member>
        <member name="P:Skr.Tebloman.Ui.Desktop.ViewModels.MainWindowViewModel.SaveFragmentCommand">
            <summary>
            Saves the currently selected fragment to the file storage.
            </summary>
        </member>
        <member name="P:Skr.Tebloman.Ui.Desktop.ViewModels.MainWindowViewModel.RemoveFragmentCommand">
            <summary>
            Removes the currently selected fragment from the file storage.
            </summary>
        </member>
        <member name="P:Skr.Tebloman.Ui.Desktop.ViewModels.MainWindowViewModel.ReplacementSources">
            <summary>
            Gets a list of the currently available replacement sources.
            </summary>
        </member>
        <member name="P:Skr.Tebloman.Ui.Desktop.ViewModels.MainWindowViewModel.SelectedReplacementSource">
            <summary>
            Gets or sets the currently selected replacement source.
            </summary>
        </member>
        <member name="P:Skr.Tebloman.Ui.Desktop.ViewModels.MainWindowViewModel.ReplacementSourceName">
            <summary>
            Gets or sets the name of the currently selected replacement source.
            </summary>
        </member>
        <member name="P:Skr.Tebloman.Ui.Desktop.ViewModels.MainWindowViewModel.ReplacementSourceIsDate">
            <summary>
            Gets or sets a value indicating whether the currently selected replacement source is a date source.
            </summary>
        </member>
        <member name="P:Skr.Tebloman.Ui.Desktop.ViewModels.MainWindowViewModel.ReplacementSourceText">
            <summary>
            Gets or sets the text of the currently selected replacement source.
            </summary>
        </member>
        <member name="P:Skr.Tebloman.Ui.Desktop.ViewModels.MainWindowViewModel.ReplacementSourceDate">
            <summary>
            Gets or sets the date of the currently selected replacement source.
            </summary>
        </member>
        <member name="P:Skr.Tebloman.Ui.Desktop.ViewModels.MainWindowViewModel.ReplacementSourceDataTextBoxEnabled">
            <summary>
            Gets a value indicating whether the text box for the currently selected replacement source is enabled.
            </summary>
        </member>
        <member name="P:Skr.Tebloman.Ui.Desktop.ViewModels.MainWindowViewModel.ReplacementSourceDatePickerEnabled">
            <summary>
            Gets a value indicating whether the date picker for the currently selected replacement source is enabled.
            </summary>
        </member>
        <member name="P:Skr.Tebloman.Ui.Desktop.ViewModels.MainWindowViewModel.NewReplacementSourceCommand">
            <summary>
            Creates a new replacement source.
            </summary>
        </member>
        <member name="P:Skr.Tebloman.Ui.Desktop.ViewModels.MainWindowViewModel.SaveReplacementSourceCommand">
            <summary>
            Saves the currently selected replacement source in the file storage.
            </summary>
        </member>
        <member name="P:Skr.Tebloman.Ui.Desktop.ViewModels.MainWindowViewModel.RemoveReplacementSourceCommand">
            <summary>
            Removes the currently selected replacement source from the file storage.
            </summary>
        </member>
        <member name="P:Skr.Tebloman.Ui.Desktop.ViewModels.MainWindowViewModel.ResultText">
            <summary>
            Gets the assembled text from the fragments of the currently selected profile.
            </summary>
        </member>
        <member name="P:Skr.Tebloman.Ui.Desktop.ViewModels.MainWindowViewModel.CopyToClipBoardCommand">
            <summary>
            Copies the current result text to the clip board.
            </summary>
        </member>
        <member name="P:Skr.Tebloman.Ui.Desktop.ViewModels.MainWindowViewModel.StatusText">
            <summary>
            Gets the status bar text.
            </summary>
        </member>
        <member name="P:Skr.Tebloman.Ui.Desktop.ViewModels.MainWindowViewModel.WindowClosingCommand">
            <summary>
            Terminates asyncronous operations and closes the main window.
            </summary>
        </member>
        <member name="M:Skr.Tebloman.Ui.Desktop.ViewModels.MainWindowViewModel.#ctor(Skr.Tebloman.Infrastructure.Storage.Api.IFileStorage,Skr.Tebloman.Ui.Services.IPlaceholderTagService,Skr.Tebloman.Ui.Services.IAppInfoService)">
            <summary>
            Creates a new instance of <see cref="T:Skr.Tebloman.Ui.Desktop.ViewModels.MainWindowViewModel"/>.
            </summary>
            <param name="fileStorage">The file storage service.</param>
            <param name="placeholderTagService">The placeholder tag service.</param>
        </member>
        <member name="M:Skr.Tebloman.Ui.Desktop.ViewModels.MainWindowViewModel.OnWindowClosing(Skr.Tebloman.Ui.Desktop.Views.IClosable)">
            <summary>
            Proxy method for <see cref="M:System.Windows.Window.Close"/>.
            Here it's used as a handler for the closed event.
            </summary>
            <param name="window">The instance of the window that was closed.</param>
        </member>
        <member name="M:Skr.Tebloman.Ui.Desktop.ViewModels.MainWindowViewModel.ReplacePlaceholders(Skr.Tebloman.Common.Data.Model.Fragment,System.Collections.Generic.IEnumerable{Skr.Tebloman.Common.Data.Model.PlaceholderTag})">
            <summary>
            Replaces all placeholders in a fragment with their corresponding values.
            </summary>
            <param name="fragment">The fragment containing zero or more placeholders.</param>
            <param name="placeholderTags">A set of placeholder instances with their replacement values.</param>
            <returns>The fragment string with all matched placeholders replaced.</returns>
        </member>
        <member name="M:Skr.Tebloman.Ui.Desktop.ViewModels.MainWindowViewModel.RepairRepositories">
            <summary>
            Performs maintenance on the repositories by removing orphaned references between profiles and fragments,
            as well as between replacement sources and placeholders.
            </summary>
            <returns>The number of repaired instances.</returns>
        </member>
        <member name="M:Skr.Tebloman.Ui.Desktop.ViewModels.MainWindowViewModel.PromptRemove(Skr.Tebloman.Common.Data.Entity)">
            <summary>
            Helper method to prompt the user for removal of an instance from the storage.
            </summary>
            <param name="entity">The instance about to be deleted.</param>
            <returns>An instance of <see cref="T:System.Windows.MessageBoxResult"/> indicating which option the user chose.</returns>
        </member>
        <member name="M:Skr.Tebloman.Ui.Desktop.ViewModels.MainWindowViewModel.NotifySaved(Skr.Tebloman.Common.Data.Entity)">
            <summary>
            Helper method to display a disappearing 'saved' status message.
            </summary>
            <param name="entity">The instance that was saved.</param>
        </member>
        <member name="M:Skr.Tebloman.Ui.Desktop.ViewModels.MainWindowViewModel.NotifyStatus(System.String)">
            <summary>
            Displays a disappearing message in the status bar.
            </summary>
            <param name="message">The message text.</param>
        </member>
        <member name="M:Skr.Tebloman.Ui.Desktop.ViewModels.MainWindowViewModel.DisplayStatusMessage(System.Threading.CancellationToken,System.String)">
            <summary>
            Helper method to change the status text that is invoked asyncronously to achieve the disappearing effect.
            </summary>
            <param name="token">Cancellation token to abort the asynchronous operation.</param>
            <param name="message">The message text.</param>
            <returns>An instance of <see cref="T:System.Threading.Tasks.Task"/> to smooth out async/await usage.</returns>
        </member>
        <member name="M:Skr.Tebloman.Ui.Desktop.ViewModels.MainWindowViewModel.GetTypeLabel(System.Type)">
            <summary>
            Transforms a type name into a multi word string.
            Basically a CamelCase to separate words converter.
            </summary>
            <param name="type">The type to convert.</param>
            <returns>The converted type label.</returns>
        </member>
        <member name="M:Skr.Tebloman.Ui.Desktop.ViewModels.MainWindowViewModel.IsAsciiUpper(System.Char)">
            <summary>
            Checks whether an ASCII character is upper case.
            </summary>
            <param name="character">The ASCII character to check.</param>
            <returns><see langword="true"/> if the <paramref name="character"/> is upper case, otherwise <see langword="false"/>.</returns>
        </member>
        <member name="T:Skr.Tebloman.Ui.Desktop.ViewModels.PlaceholderTagEditorViewModel">
            <summary>
            Provides interaction logic for the <see cref="T:Skr.Tebloman.Ui.Desktop.Views.PlaceholderTagEditor"/> view.
            </summary>
        </member>
        <member name="P:Skr.Tebloman.Ui.Desktop.ViewModels.PlaceholderTagEditorViewModel.WindowTitle">
            <summary>
            Gets the window title.
            </summary>
        </member>
        <member name="P:Skr.Tebloman.Ui.Desktop.ViewModels.PlaceholderTagEditorViewModel.ReplacementSources">
            <summary>
            Gets a list of all available replacement sources.
            </summary>
        </member>
        <member name="P:Skr.Tebloman.Ui.Desktop.ViewModels.PlaceholderTagEditorViewModel.SelectedReplacementSource">
            <summary>
            Gets or sets the currently selected replacement source.
            </summary>
        </member>
        <member name="P:Skr.Tebloman.Ui.Desktop.ViewModels.PlaceholderTagEditorViewModel.ReplacementSourceName">
            <summary>
            Gets the name of the currently selected replacement source.
            </summary>
        </member>
        <member name="P:Skr.Tebloman.Ui.Desktop.ViewModels.PlaceholderTagEditorViewModel.Pattern">
            <summary>
            Gets or sets the pattern of the currently edited placeholder.
            </summary>
        </member>
        <member name="P:Skr.Tebloman.Ui.Desktop.ViewModels.PlaceholderTagEditorViewModel.HasReplacementSource">
            <summary>
            Gets or sets a value indicating whether the currently edited placeholder has a replacement source.
            </summary>
        </member>
        <member name="P:Skr.Tebloman.Ui.Desktop.ViewModels.PlaceholderTagEditorViewModel.ReplacementSourceComboBoxEnabled">
            <summary>
            Gets or sets a value indicating whether the replacement source combobox is enabled.
            </summary>
        </member>
        <member name="P:Skr.Tebloman.Ui.Desktop.ViewModels.PlaceholderTagEditorViewModel.ReplacementTextBoxEnabled">
            <summary>
            Gets or sets a value indicating whether the replacement value textbox is enabled.
            </summary>
        </member>
        <member name="P:Skr.Tebloman.Ui.Desktop.ViewModels.PlaceholderTagEditorViewModel.Replacement">
            <summary>
            Gets or sets a value that should be replaced for this placeholder.
            </summary>
        </member>
        <member name="P:Skr.Tebloman.Ui.Desktop.ViewModels.PlaceholderTagEditorViewModel.StartMarker">
            <summary>
            Gets or sets the character sequence that marks the start of the placeholder.
            </summary>
        </member>
        <member name="P:Skr.Tebloman.Ui.Desktop.ViewModels.PlaceholderTagEditorViewModel.EndMarker">
            <summary>
            Gets or sets the character sequence that marks the end of the placeholder.
            </summary>
        </member>
        <member name="P:Skr.Tebloman.Ui.Desktop.ViewModels.PlaceholderTagEditorViewModel.StatusText">
            <summary>
            Gets the status bar text.
            </summary>
        </member>
        <member name="P:Skr.Tebloman.Ui.Desktop.ViewModels.PlaceholderTagEditorViewModel.NewCommand">
            <summary>
            Creates a new placeholder.
            </summary>
        </member>
        <member name="P:Skr.Tebloman.Ui.Desktop.ViewModels.PlaceholderTagEditorViewModel.SaveCommand">
            <summary>
            Saves the currently placeholder to the file storage.
            </summary>
        </member>
        <member name="P:Skr.Tebloman.Ui.Desktop.ViewModels.PlaceholderTagEditorViewModel.CloseCommand">
            <summary>
            Closes the window.
            </summary>
        </member>
        <member name="M:Skr.Tebloman.Ui.Desktop.ViewModels.PlaceholderTagEditorViewModel.#ctor(Skr.Tebloman.Infrastructure.Storage.Api.IFileStorage,Skr.Tebloman.Ui.Services.IPlaceholderTagService,Skr.Tebloman.Ui.Services.IAppInfoService)">
            <summary>
            Creates a new instance of <see cref="T:Skr.Tebloman.Ui.Desktop.ViewModels.PlaceholderTagEditorViewModel"/>.
            </summary>
            <param name="fileStorage">File storage service.</param>
            <param name="placeholderTagService">Placeholder tag service.</param>
        </member>
        <member name="M:Skr.Tebloman.Ui.Desktop.ViewModels.PlaceholderTagEditorViewModel.CloseWindow(Skr.Tebloman.Ui.Desktop.Views.IClosable)">
            <summary>
            Terminates asynchronous operations and closes this window.
            </summary>
            <param name="window"></param>
        </member>
        <member name="M:Skr.Tebloman.Ui.Desktop.ViewModels.PlaceholderTagEditorViewModel.NotifySaved(System.Threading.CancellationToken)">
            <summary>
            Displays a disappearing status notification.
            </summary>
            <param name="token">Token for cancelling this operation.</param>
            <returns>An instance of <see cref="T:System.Threading.Tasks.Task"/> to smoothe out the async/await usage.</returns>
        </member>
        <member name="T:Skr.Tebloman.Ui.Desktop.Views.AboutWindow">
            <summary>
            Interaction logic for AboutWindow.xaml
            </summary>
            <summary>
            AboutWindow
            </summary>
        </member>
        <member name="M:Skr.Tebloman.Ui.Desktop.Views.AboutWindow.InitializeComponent">
            <summary>
            InitializeComponent
            </summary>
        </member>
        <member name="T:Skr.Tebloman.Ui.Desktop.Views.IClosable">
            <summary>
            Provides means to close an application window.
            </summary>
        </member>
        <member name="M:Skr.Tebloman.Ui.Desktop.Views.IClosable.Close">
            <summary>
            Closes this window.
            </summary>
        </member>
        <member name="T:Skr.Tebloman.Ui.Desktop.Views.MainWindow">
            <summary>
            Interaction logic for MainWindow.xaml
            </summary>
            <summary>
            MainWindow
            </summary>
        </member>
        <member name="M:Skr.Tebloman.Ui.Desktop.Views.MainWindow.InitializeComponent">
            <summary>
            InitializeComponent
            </summary>
        </member>
        <member name="T:Skr.Tebloman.Ui.Desktop.Views.PlaceholderTagEditor">
            <summary>
            Interaction logic for PlaceholderTagEditor.xaml
            </summary>
            <summary>
            PlaceholderTagEditor
            </summary>
        </member>
        <member name="M:Skr.Tebloman.Ui.Desktop.Views.PlaceholderTagEditor.InitializeComponent">
            <summary>
            InitializeComponent
            </summary>
        </member>
    </members>
</doc>
