<?xml version="1.0"?>
<doc>
    <assembly>
        <name>Skr.Tebloman.Ui</name>
    </assembly>
    <members>
        <member name="T:Skr.Tebloman.Ui.Services.IAppInfoService">
            <summary>
            Provides information about the application.
            </summary>
        </member>
        <member name="P:Skr.Tebloman.Ui.Services.IAppInfoService.AppName">
            <summary>
            Gets the application name.
            </summary>
        </member>
        <member name="P:Skr.Tebloman.Ui.Services.IAppInfoService.AppTitle">
            <summary>
            Gets the application title.
            </summary>
        </member>
        <member name="P:Skr.Tebloman.Ui.Services.IAppInfoService.Version">
            <summary>
            Gets the application version.
            </summary>
        </member>
        <member name="P:Skr.Tebloman.Ui.Services.IAppInfoService.Copyright">
            <summary>
            Gets the copyright information.
            </summary>
        </member>
        <member name="T:Skr.Tebloman.Ui.Services.Implementation.AppInfoService">
            <inheritdoc/>
        </member>
        <member name="P:Skr.Tebloman.Ui.Services.Implementation.AppInfoService.AppName">
            <inheritdoc/>
        </member>
        <member name="P:Skr.Tebloman.Ui.Services.Implementation.AppInfoService.AppTitle">
            <inheritdoc/>
        </member>
        <member name="P:Skr.Tebloman.Ui.Services.Implementation.AppInfoService.Version">
            <inheritdoc/>
        </member>
        <member name="P:Skr.Tebloman.Ui.Services.Implementation.AppInfoService.Copyright">
            <inheritdoc/>
        </member>
        <member name="M:Skr.Tebloman.Ui.Services.Implementation.AppInfoService.#ctor">
            <summary>
            Creates a new instance of <see cref="T:Skr.Tebloman.Ui.Services.Implementation.AppInfoService"/>.
            </summary>
        </member>
        <member name="T:Skr.Tebloman.Ui.Services.Implementation.PlaceholderTagService">
            <inheritdoc/>
        </member>
        <member name="P:Skr.Tebloman.Ui.Services.Implementation.PlaceholderTagService.Placeholder">
            <inheritdoc/>
        </member>
        <member name="M:Skr.Tebloman.Ui.Services.Implementation.PlaceholderTagService.GetPlaceholder(Skr.Tebloman.Infrastructure.Storage.Api.IPlaceholderTagRepository)">
            <inheritdoc/>
        </member>
        <member name="T:Skr.Tebloman.Ui.Services.IPlaceholderTagService">
            <summary>
            Provides means to convey instances of <see cref="T:Skr.Tebloman.Common.Data.Model.PlaceholderTag"/> from one viewmodel to another.
            </summary>
        </member>
        <member name="P:Skr.Tebloman.Ui.Services.IPlaceholderTagService.Placeholder">
            <summary>
            Gets or sets the instance of <see cref="T:Skr.Tebloman.Common.Data.Model.PlaceholderTag"/> to convey.
            </summary>
        </member>
        <member name="M:Skr.Tebloman.Ui.Services.IPlaceholderTagService.GetPlaceholder(Skr.Tebloman.Infrastructure.Storage.Api.IPlaceholderTagRepository)">
            <summary>
            Fetches this placeholder instance from the storage.
            </summary>
            <param name="repository">The placeholder repository.</param>
            <returns>The retrieved instance of <see cref="T:Skr.Tebloman.Common.Data.Model.PlaceholderTag"/> or a new blank instance.</returns>
        </member>
    </members>
</doc>
