<?xml version="1.0"?>
<doc>
    <assembly>
        <name>Skr.Tebloman.Common.Data</name>
    </assembly>
    <members>
        <member name="T:Skr.Tebloman.Common.Data.Entity">
            <summary>
            Represents a trackable data entitiy.
            </summary>
        </member>
        <member name="P:Skr.Tebloman.Common.Data.Entity.Id">
            <summary>
            Gets a unique identifier for this entity.
            </summary>
        </member>
        <member name="P:Skr.Tebloman.Common.Data.Entity.Created">
            <summary>
            Gets the timestamp when this item was created.
            </summary>
        </member>
        <member name="P:Skr.Tebloman.Common.Data.Entity.Modified">
            <summary>
            Gets the timestamp when this item was last changed.
            </summary>
        </member>
        <member name="M:Skr.Tebloman.Common.Data.Entity.#ctor">
            <summary>
            Creates a new instance of <see cref="T:Skr.Tebloman.Common.Data.Entity"/>.
            </summary>
        </member>
        <member name="T:Skr.Tebloman.Common.Data.Model.Fragment">
            <summary>
            Represents a frequently used text block.
            </summary>
        </member>
        <member name="P:Skr.Tebloman.Common.Data.Model.Fragment.Name">
            <summary>
            Gets or sets the name of this fragment.
            </summary>
        </member>
        <member name="P:Skr.Tebloman.Common.Data.Model.Fragment.Text">
            <summary>
            Gets or sets the textual contents of this block.
            </summary>
        </member>
        <member name="P:Skr.Tebloman.Common.Data.Model.Fragment.Profiles">
            <summary>
            Gets or sets the profile ids this fragment is assigned to.
            </summary>
        </member>
        <member name="M:Skr.Tebloman.Common.Data.Model.Fragment.#ctor">
            <summary>
            Creates a new instance of <see cref="T:Skr.Tebloman.Common.Data.Model.Fragment"/>.
            </summary>
        </member>
        <member name="M:Skr.Tebloman.Common.Data.Model.Fragment.ToString">
            <inheritdoc/>
        </member>
        <member name="T:Skr.Tebloman.Common.Data.Model.PlaceholderTag">
            <summary>
            Represents a placeholder tag.
            </summary>
        </member>
        <member name="P:Skr.Tebloman.Common.Data.Model.PlaceholderTag.Pattern">
            <summary>
            Gets or sets the regex pattern identifying the sequence that should be replaced.
            </summary>
        </member>
        <member name="P:Skr.Tebloman.Common.Data.Model.PlaceholderTag.Replacement">
            <summary>
            Gets or sets the replacement sequence.
            </summary>
        </member>
        <member name="P:Skr.Tebloman.Common.Data.Model.PlaceholderTag.SourceId">
            <summary>
            Gets or sets the id of a replacement source for this placeholder.
            </summary>
        </member>
        <member name="P:Skr.Tebloman.Common.Data.Model.PlaceholderTag.StartMarker">
            <summary>
            Gets or sets the character sequence denoting the beginning of this placeholder tag.
            </summary>
        </member>
        <member name="P:Skr.Tebloman.Common.Data.Model.PlaceholderTag.EndMarker">
            <summary>
            Gets or sets the character sequence denoting the end of this placeholder tag.
            </summary>
        </member>
        <member name="P:Skr.Tebloman.Common.Data.Model.PlaceholderTag.RegexInstance">
            <summary>
            Gets the regex instance of this placeholder tag.
            </summary>
        </member>
        <member name="M:Skr.Tebloman.Common.Data.Model.PlaceholderTag.#ctor">
            <summary>
            Creates a new instance of <see cref="T:Skr.Tebloman.Common.Data.Model.PlaceholderTag"/>.
            </summary>
        </member>
        <member name="M:Skr.Tebloman.Common.Data.Model.PlaceholderTag.Build">
            <summary>
            Compiles the regex instance.
            </summary>
        </member>
        <member name="M:Skr.Tebloman.Common.Data.Model.PlaceholderTag.Replace(System.String,Skr.Tebloman.Common.Data.Model.ReplacementSource)">
            <summary>
            Replaces all matches of this placeholder tag in a given text.
            </summary>
            <param name="input">The text containing placeholders to replace with this tag.</param>
            <param name="source">The source from which to get the replacement string.</param>
            <returns>The <paramref name="input"/> string with all occurrences of this placeholder tag replaced.</returns>
        </member>
        <member name="M:Skr.Tebloman.Common.Data.Model.PlaceholderTag.ToString">
            <inheritdoc/>
        </member>
        <member name="T:Skr.Tebloman.Common.Data.Model.Profile">
            <summary>
            Represents a named group of text blocks.
            </summary>
        </member>
        <member name="P:Skr.Tebloman.Common.Data.Model.Profile.Name">
            <summary>
            Gets or sets the name of this profile.
            </summary>
        </member>
        <member name="P:Skr.Tebloman.Common.Data.Model.Profile.Fragments">
            <summary>
            Gets or sets a collection of fragments associated to this profile.
            </summary>
        </member>
        <member name="M:Skr.Tebloman.Common.Data.Model.Profile.#ctor">
            <summary>
            Creates a new instance of <see cref="T:Skr.Tebloman.Common.Data.Model.Profile"/>.
            </summary>
        </member>
        <member name="M:Skr.Tebloman.Common.Data.Model.Profile.AddFragment(System.Guid)">
            <summary>
            Adds a fragment to this profile.
            </summary>
            <param name="id">The id of the fragment to add.</param>
        </member>
        <member name="M:Skr.Tebloman.Common.Data.Model.Profile.RemoveFragment(System.Guid)">
            <summary>
            Removes a fragment from this profile.
            </summary>
            <param name="id">The id of the fragment to remove.</param>
        </member>
        <member name="M:Skr.Tebloman.Common.Data.Model.Profile.MoveFragmentUp(System.Guid)">
            <summary>
            Moves the fragment up by one position.
            </summary>
            <param name="id">The id of the fragment to move up.</param>
        </member>
        <member name="M:Skr.Tebloman.Common.Data.Model.Profile.MoveFragmentDown(System.Guid)">
            <summary>
            Moves the fragment down by one position.
            </summary>
            <param name="id">The id of the fragment to move down.</param>
        </member>
        <member name="M:Skr.Tebloman.Common.Data.Model.Profile.ToString">
            <inheritdoc/>
        </member>
        <member name="T:Skr.Tebloman.Common.Data.Model.ReplacementSource">
            <summary>
            Represents a source for replacement data.
            </summary>
        </member>
        <member name="P:Skr.Tebloman.Common.Data.Model.ReplacementSource.Name">
            <summary>
            Gets or sets the name of this replacement source.
            </summary>
        </member>
        <member name="P:Skr.Tebloman.Common.Data.Model.ReplacementSource.Text">
            <summary>
            Gets or sets the text for this source.
            </summary>
        </member>
        <member name="P:Skr.Tebloman.Common.Data.Model.ReplacementSource.Date">
            <summary>
            Gets or sets the date for this source.
            </summary>
        </member>
        <member name="M:Skr.Tebloman.Common.Data.Model.ReplacementSource.#ctor">
            <summary>
            Creates a new instance of <see cref="T:Skr.Tebloman.Common.Data.Model.ReplacementSource"/>.
            </summary>
        </member>
        <member name="P:Skr.Tebloman.Common.Data.Model.ReplacementSource.IsDateSource">
            <summary>
            Gets a value indicating whether this source is a date source.
            </summary>
        </member>
        <member name="M:Skr.Tebloman.Common.Data.Model.ReplacementSource.ToString">
            <inheritdoc/>
        </member>
    </members>
</doc>
