<?xml version="1.0"?>
<doc>
    <assembly>
        <name>Skr.Tebloman.Infrastructure.Storage</name>
    </assembly>
    <members>
        <member name="T:Skr.Tebloman.Infrastructure.Storage.Api.IFileRepository">
            <summary>
            Represents a file based repository.
            </summary>
        </member>
        <member name="M:Skr.Tebloman.Infrastructure.Storage.Api.IFileRepository.Load">
            <summary>
            Reads the stored instances from disk.
            </summary>
        </member>
        <member name="M:Skr.Tebloman.Infrastructure.Storage.Api.IFileRepository.Save">
            <summary>
            Writes the currently managed instances in memory to disk.
            </summary>
        </member>
        <member name="M:Skr.Tebloman.Infrastructure.Storage.Api.IFileRepository.Delete">
            <summary>
            Removes the storage file from disk.
            </summary>
        </member>
        <member name="T:Skr.Tebloman.Infrastructure.Storage.Api.IFileStorage">
            <summary>
            Provides means to interact with the data storage.
            </summary>
        </member>
        <member name="M:Skr.Tebloman.Infrastructure.Storage.Api.IFileStorage.GetRepository``1">
            <summary>
            Gets the repository for the requested data type.
            </summary>
            <typeparam name="T">Interface type of the repository.</typeparam>
            <returns>The requested repository.</returns>
        </member>
        <member name="M:Skr.Tebloman.Infrastructure.Storage.Api.IFileStorage.Load">
            <summary>
            Reads all available repositories from disk.
            </summary>
        </member>
        <member name="M:Skr.Tebloman.Infrastructure.Storage.Api.IFileStorage.Save">
            <summary>
            Stores all available repositories to disk.
            </summary>
        </member>
        <member name="M:Skr.Tebloman.Infrastructure.Storage.Api.IFileStorage.Delete">
            <summary>
            Removes the storage files of all available repositories from disk.
            </summary>
        </member>
        <member name="T:Skr.Tebloman.Infrastructure.Storage.Api.IFragmentRepository">
            <summary>
            Provides means to manage instances of <see cref="T:Skr.Tebloman.Common.Data.Model.Fragment"/>.
            </summary>
        </member>
        <member name="T:Skr.Tebloman.Infrastructure.Storage.Api.IPlaceholderTagRepository">
            <summary>
            Provides means to manage instances of <see cref="T:Skr.Tebloman.Common.Data.Model.PlaceholderTag"/>.
            </summary>
        </member>
        <member name="T:Skr.Tebloman.Infrastructure.Storage.Api.IProfileRepository">
            <summary>
            Provides means to manage instances of <see cref="T:Skr.Tebloman.Common.Data.Model.Profile"/>.
            </summary>
        </member>
        <member name="T:Skr.Tebloman.Infrastructure.Storage.Api.IReplacementSourceRepository">
            <summary>
            Provides means to manage instances of <see cref="T:Skr.Tebloman.Common.Data.Model.ReplacementSource"/>.
            </summary>
        </member>
        <member name="T:Skr.Tebloman.Infrastructure.Storage.Api.IRepository`1">
            <summary>
            Provides CRUD operations for the specified data type.
            </summary>
            <typeparam name="TData">Type of data to operate.</typeparam>
        </member>
        <member name="M:Skr.Tebloman.Infrastructure.Storage.Api.IRepository`1.TryGet(System.Guid,`0@)">
            <summary>
            Attempts to retrieve a single instance of <typeparamref name="TData"/>.
            </summary>
            <param name="id">Identifier of the requested instance.</param>
            <param name="instance">The retrieved instance.</param>
            <returns>
                <see langword="true"/> if the requested instance was retrieved, otherwise <see langword="false"/>.
            </returns>
        </member>
        <member name="M:Skr.Tebloman.Infrastructure.Storage.Api.IRepository`1.All">
            <summary>
            Retrieves all existing instances from this repository.
            </summary>
            <returns>A collection of available instances.</returns>
        </member>
        <member name="M:Skr.Tebloman.Infrastructure.Storage.Api.IRepository`1.AddOrUpdate(`0)">
            <summary>
            Adds the provided instance to the repository if it is not present,
            otherwise updates the existing instance.
            </summary>
            <param name="data">The instance to add or update.</param>
        </member>
        <member name="M:Skr.Tebloman.Infrastructure.Storage.Api.IRepository`1.Delete(System.Guid)">
            <summary>
            Removes the instance with the provided identifier from this repository.
            </summary>
            <param name="id">Identifier for the instance that should be removed.</param>
        </member>
        <member name="T:Skr.Tebloman.Infrastructure.Storage.File.FileRepository`1">
            <summary>
            Reads and writes instances of <typeparamref name="TData"/> from and to disk.
            </summary>
            <typeparam name="TData">Data type of the instance to persist.</typeparam>
        </member>
        <member name="M:Skr.Tebloman.Infrastructure.Storage.File.FileRepository`1.#ctor(System.String)">
            <summary>
            Creates a new instance of <see cref="T:Skr.Tebloman.Infrastructure.Storage.File.FileRepository`1"/>.
            </summary>
            <param name="storageFilePath">Filesystem path pointing to the storage file.</param>
        </member>
        <member name="M:Skr.Tebloman.Infrastructure.Storage.File.FileRepository`1.AddOrUpdate(`0)">
            <inheritdoc />
        </member>
        <member name="M:Skr.Tebloman.Infrastructure.Storage.File.FileRepository`1.All">
            <inheritdoc />
        </member>
        <member name="M:Skr.Tebloman.Infrastructure.Storage.File.FileRepository`1.Delete(System.Guid)">
            <inheritdoc />
        </member>
        <member name="M:Skr.Tebloman.Infrastructure.Storage.File.FileRepository`1.TryGet(System.Guid,`0@)">
            <inheritdoc />
        </member>
        <member name="M:Skr.Tebloman.Infrastructure.Storage.File.FileRepository`1.Save">
            <inheritdoc />
        </member>
        <member name="M:Skr.Tebloman.Infrastructure.Storage.File.FileRepository`1.Load">
            <inheritdoc />
        </member>
        <member name="M:Skr.Tebloman.Infrastructure.Storage.File.FileRepository`1.Delete">
            <inheritdoc />
        </member>
        <member name="M:Skr.Tebloman.Infrastructure.Storage.File.FileRepository`1.Validate(`0)">
            <summary>
            Validates the specified instance.
            </summary>
            <param name="data">The instance to check.</param>
            <exception cref="T:System.ArgumentNullException">If <paramref name="data"/> is <see langword="null"/>.</exception>
            <exception cref="T:System.ArgumentException">If <paramref name="data"/> has an invalid identifier.</exception>
        </member>
        <member name="T:Skr.Tebloman.Infrastructure.Storage.File.FileStorage">
            <summary>
            Manages file based repositories.
            </summary>
        </member>
        <member name="M:Skr.Tebloman.Infrastructure.Storage.File.FileStorage.GetRepository``1">
            <inheritdoc/>
        </member>
        <member name="M:Skr.Tebloman.Infrastructure.Storage.File.FileStorage.Load">
            <inheritdoc/>
        </member>
        <member name="M:Skr.Tebloman.Infrastructure.Storage.File.FileStorage.Save">
            <inheritdoc/>
        </member>
        <member name="M:Skr.Tebloman.Infrastructure.Storage.File.FileStorage.Delete">
            <inheritdoc/>
        </member>
        <member name="T:Skr.Tebloman.Infrastructure.Storage.File.FragmentRepository">
            <summary>
            Manages instances of <see cref="T:Skr.Tebloman.Common.Data.Model.Fragment"/>.
            </summary>
        </member>
        <member name="M:Skr.Tebloman.Infrastructure.Storage.File.FragmentRepository.#ctor(System.String)">
            <summary>
            Creates a new instance of <see cref="T:Skr.Tebloman.Infrastructure.Storage.File.FragmentRepository"/>.
            </summary>
            <param name="storagePath">Filesystem path pointing to the storage file.</param>
        </member>
        <member name="T:Skr.Tebloman.Infrastructure.Storage.File.PlaceholderTagRepository">
            <summary>
            Manages instances of <see cref="T:Skr.Tebloman.Common.Data.Model.PlaceholderTag"/>.
            </summary>
        </member>
        <member name="M:Skr.Tebloman.Infrastructure.Storage.File.PlaceholderTagRepository.#ctor(System.String)">
            <summary>
            Creates a new instance of <see cref="T:Skr.Tebloman.Infrastructure.Storage.File.PlaceholderTagRepository"/>.
            </summary>
            <param name="storageFilePath">Filesystem path pointing to the storage file.</param>
        </member>
        <member name="T:Skr.Tebloman.Infrastructure.Storage.File.ProfileRepository">
            <summary>
            Manages instances of <see cref="T:Skr.Tebloman.Common.Data.Model.Profile"/>.
            </summary>
        </member>
        <member name="M:Skr.Tebloman.Infrastructure.Storage.File.ProfileRepository.#ctor(System.String)">
            <summary>
            Creates a new instance of <see cref="T:Skr.Tebloman.Infrastructure.Storage.File.ProfileRepository"/>.
            </summary>
            <param name="storagePath">Filesystem path pointing to the storage file.</param>
        </member>
        <member name="M:Skr.Tebloman.Infrastructure.Storage.File.ReplacementSourceRepository.#ctor(System.String)">
            <summary>
            Creates a new instance of <see cref="T:Skr.Tebloman.Infrastructure.Storage.File.ReplacementSourceRepository"/>.
            </summary>
            <param name="storageFilePath">Filesystem path pointing to the storage file.</param>
        </member>
    </members>
</doc>
